{
  "view/Page1.view.xml": 1707239608642,
  "controller/App.controller.js": 1704783037636,
  "controller/loginPage.controller.js": 1706049360050,
  "controller/Token.controller.js": 1706052213288,
  "controller/TablasVarias.controller.js": 1707752682643,
  "controller/NewPassword.controller.js": 1705898415698,
  "controller/Main.controller.js": 1706535151485,
  "controller/CreatePassword.controller.js": 1706042533227,
  "controller/CitasMedicas.controller.js": 1707240651458,
  "controller/CargaUsuarios.controller.js": 1707324516082,
  "controller/CargaCitas.controller.js": 1707324508822,
  "controller/BaseController.js": 1707753578760,
  "model/models.js": 1702303052000,
  "manifest.json": 1707753591989,
  "Component.js": 1705632386341,
  "controller/Token-dbg.controller.js": 1706052213288,
  "controller/Token.controller.js.map": 1707753592233,
  "controller/loginPage-dbg.controller.js": 1706049360050,
  "controller/loginPage.controller.js.map": 1707753592234,
  "controller/App-dbg.controller.js": 1704783037636,
  "controller/App.controller.js.map": 1707753592214,
  "controller/TablasVarias-dbg.controller.js": 1707752682643,
  "controller/TablasVarias.controller.js.map": 1707753592394,
  "controller/NewPassword-dbg.controller.js": 1705898415698,
  "controller/NewPassword.controller.js.map": 1707753592225,
  "controller/Main-dbg.controller.js": 1706535151485,
  "controller/Main.controller.js.map": 1707753592234,
  "controller/CreatePassword-dbg.controller.js": 1706042533227,
  "controller/CreatePassword.controller.js.map": 1707753592280,
  "controller/CitasMedicas-dbg.controller.js": 1707240651458,
  "controller/CitasMedicas.controller.js.map": 1707753592373,
  "controller/CargaUsuarios-dbg.controller.js": 1707324516082,
  "controller/CargaUsuarios.controller.js.map": 1707753592287,
  "controller/CargaCitas-dbg.controller.js": 1707324508822,
  "controller/CargaCitas.controller.js.map": 1707753592367,
  "controller/BaseController-dbg.js": 1707753578760,
  "controller/BaseController.js.map": 1707753592380,
  "model/models-dbg.js": 1702303052000,
  "model/models.js.map": 1707753592370,
  "Component-dbg.js": 1705632386341,
  "Component.js.map": 1707753592374,
  "Component-preload.js": 1707753592696,
  "Component-preload.js.map": 1707753592696,
  "view/loginPage.view.xml": 1705631709636,
  "view/TablasVarias.view.xml": 1707752230102,
  "view/PageToken.view.xml": 1706051992977,
  "view/Page3.view.xml": 1705630099006,
  "i18n/i18n.properties": 1702303052000,
  "view/CreatePassword.view.xml": 1706149565728,
  "view/CitasMedicas.view.xml": 1707239539843,
  "view/CargaUsuarios.view.xml": 1706884858784,
  "view/CargaCitas.view.xml": 1707168678763,
  "view/App.view.xml": 1704783071719,
  "images/logo_compensar.png": 1704439234598,
  "images/compensar_logo.png": 1702858019000,
  "css/style.css": 1706535862489,
  "fragment/dialogRol.fragment.xml": 1706879239229,
  "fragment/dialogParametro.fragment.xml": 1707324565706,
  "index.html": 1704784296905
}